# FA6 — per-file denominator, all:true present vs absent (vitest 4.1.10)
# file	stmt.total WITH	stmt.total WITHOUT	pct WITH	pct WITHOUT
src/App.vue	248	248	0	0
src/composables/useDebug.ts	2	2	100	100
src/composables/useLiveRegion.ts	10	10	100	100
src/composables/useShortcutPolicy.ts	22	22	100	100
src/composables/useTheme.ts	4	4	100	100
src/games/cards.ts	33	33	100	100
src/games/futoshiki/CaretOverlay.vue	2	2	100	100
src/games/futoshiki/FutoshikiCaret.vue	4	4	50	50
src/games/futoshiki/FutoshikiPoster.vue	41	41	100	100
src/games/futoshiki/clue.ts	75	75	100	100
src/games/futoshiki/composables/useFutoshiki.ts	29	29	51.72	51.72
src/games/futoshiki/spec.ts	6	6	50	50
src/games/futoshiki/types.ts	0	0	100	100
src/games/kenken/KenKenPoster.vue	30	30	100	100
src/games/kenken/clue.ts	56	56	100	100
src/games/kenken/composables/useKenken.ts	29	29	51.72	51.72
src/games/kenken/spec.ts	6	6	50	50
src/games/kenken/types.ts	0	0	100	100
src/games/killer/KillerPoster.vue	32	32	100	100
src/games/killer/clue.ts	54	54	100	100
src/games/killer/composables/useKiller.ts	28	28	50	50
src/games/killer/spec.ts	6	6	50	50
src/games/killer/types.ts	0	0	100	100
src/games/shared/BoardHost.vue	85	85	0	0
src/games/shared/CageOverlay.vue	35	35	100	100
src/games/shared/DifficultyTally.vue	65	65	80	76.92
src/games/shared/DigitCell.vue	47	47	80.85	80.85
src/games/shared/DrawerTab.vue	6	6	0	0
src/games/shared/GameBoard.vue	317	317	60.56	60.56
src/games/shared/GameControlPanel.vue	246	246	65.44	65.44
src/games/shared/GameScene.vue	18	18	0	0
src/games/shared/GameShell.vue	43	43	0	0
src/games/shared/PosterBoard.vue	26	26	100	100
src/games/shared/SolverErrorNote.vue	11	11	18.18	18.18
src/games/shared/conflicts.ts	59	59	100	100
src/games/shared/constants.ts	1	1	100	100
src/games/shared/defineGame.ts	1	1	100	100
src/games/shared/honestHaptics.ts	4	4	75	75
src/games/shared/persistence.ts	155	155	92.9	92.9
src/games/shared/playerIdentity.ts	71	71	95.77	95.77
src/games/shared/relayWire.ts	97	97	92.78	92.78
src/games/shared/selectors.ts	4	4	100	100
src/games/shared/solveTally.ts	5	5	0	0
src/games/shared/solver/classifyError.ts	13	13	100	100
src/games/shared/solver/client.ts	45	45	95.55	95.55
src/games/shared/solver/describeError.ts	5	5	100	100
src/games/shared/solver/protocol.ts	0	0	100	100
src/games/shared/solver/solver.worker.ts	63	63	0	0
src/games/shared/solver/solverError.ts	4	4	100	100
src/games/shared/solver/transport.ts	93	93	87.09	87.09
src/games/shared/solver/wire.ts	2	2	100	100
src/games/shared/techniqueAdapter.ts	61	61	100	100
src/games/shared/techniqueEngine.ts	350	350	96.28	96.28
src/games/shared/techniqueVoice.ts	17	17	100	100
src/games/shared/types.ts	0	0	100	100
src/games/shared/useAnswerKeyPeek.ts	30	30	83.33	83.33
src/games/shared/useAssists.ts	15	15	100	100
src/games/shared/useButtonAnimation.ts	5	5	100	100
src/games/shared/useCoarsePointer.ts	11	11	63.63	63.63
src/games/shared/useControlsDrawer.ts	135	135	42.96	42.96
src/games/shared/useDirtyBoard.ts	16	16	81.25	81.25
src/games/shared/useFlipGlide.ts	52	52	17.3	17.3
src/games/shared/useGameCell.ts	122	122	89.34	89.34
src/games/shared/useGameGallery.ts	39	39	89.74	89.74
src/games/shared/useGameState.ts	409	409	61.85	61.85
src/games/shared/useJoinWash.ts	111	111	91.89	91.89
src/games/shared/useKeyboardViewport.ts	66	66	19.69	19.69
src/games/shared/useLiveFace.ts	3	3	0	0
src/games/shared/useLongPress.ts	36	36	100	100
src/games/shared/usePencilMarks.ts	44	44	81.81	81.81
src/games/shared/useSession.ts	300	300	84.66	84.66
src/games/shared/useStagingBridge.ts	114	114	94.73	94.73
src/games/shared/useUndoHistory.ts	121	121	97.52	97.52
src/games/shared/useUserMarks.ts	49	49	100	100
src/games/sudoku/SudokuPoster.vue	19	19	100	100
src/games/sudoku/composables/useSudoku.ts	30	30	56.66	56.66
src/games/sudoku/data/templates.ts	6	6	83.33	83.33
src/games/sudoku/spec.ts	4	4	50	50
src/games/thermo/ThermoPoster.vue	32	32	93.75	93.75
src/games/thermo/ThermoTube.vue	16	16	100	100
src/games/thermo/clue.ts	40	40	100	100
src/games/thermo/composables/useThermo.ts	41	41	39.02	46.34
src/games/thermo/data/templates.ts	6	6	100	100
src/games/thermo/spec.ts	6	6	50	50
src/games/thermo/types.ts	0	0	100	100
src/lib/base64url.ts	4	4	100	100
src/pencil/celestial/DarkModeToggle.vue	133	133	0	0
src/pencil/chrome/AttributionCard/AttributionCard.vue	12	12	0	0
src/pencil/chrome/AttributionCard/CrayonHeart.vue	27	27	14.81	14.81
src/pencil/chrome/AttributionCard/heartPaths.ts	18	18	100	100
src/pencil/chrome/AttributionCard/useHoverCard.ts	20	20	0	0
src/pencil/chrome/BoilDivider.vue	9	9	88.88	88.88
src/pencil/chrome/CelebrationHeart.vue	33	33	0	0
src/pencil/chrome/CelebrationStar.vue	19	19	5.26	5.26
src/pencil/chrome/CompletionVignette.vue	3	3	66.66	66.66
src/pencil/chrome/GameGallery/GameCard.vue	89	89	89.88	86.51
src/pencil/chrome/GameGallery/GameGallery.vue	345	345	73.04	73.04
src/pencil/chrome/GameGallery/StagingBand.vue	30	30	6.66	6.66
src/pencil/chrome/GameGallery/types.ts	0	0	100	100
src/pencil/chrome/GameGallery/useCarouselGlide.ts	223	223	56.5	56.5
src/pencil/chrome/HandwrittenLogo/HandwrittenLogo.vue	95	95	0	0
src/pencil/chrome/KeyboardLegend.vue	2	2	100	100
src/pencil/chrome/MarginNote.vue	2	2	50	50
src/pencil/chrome/OptionSelector/OptionSelector.vue	7	7	85.71	85.71
src/pencil/chrome/OptionSelector/scribbleUnderline.ts	60	60	98.33	98.33
src/pencil/chrome/ScribbleLoader.vue	17	17	100	100
src/pencil/chrome/SvgFilters.vue	8	8	75	75
src/pencil/chrome/icons/DiceIcon.vue	2	2	100	100
src/pencil/chrome/icons/EraserIcon.vue	0	0	100	100
src/pencil/chrome/icons/FillForcedIcon.vue	0	0	100	100
src/pencil/chrome/icons/HintIcon.vue	0	0	100	100
src/pencil/chrome/icons/InviteIcon.vue	0	0	100	100
src/pencil/chrome/icons/RedoIcon.vue	0	0	100	100
src/pencil/chrome/icons/ShareIcon.vue	0	0	100	100
src/pencil/chrome/icons/SolveIcon.vue	0	0	100	100
src/pencil/chrome/icons/UndoIcon.vue	0	0	100	100
src/pencil/composables/boilBeat.ts	28	28	85.71	85.71
src/pencil/composables/celebration.ts	42	42	38.09	38.09
src/pencil/composables/rasterPose.ts	99	99	8.08	8.08
src/pencil/config/pencilConfig.ts	30	30	66.66	66.66
src/pencil/dev/DebugToggle.vue	2	2	0	0
src/pencil/dev/FilterTuner.vue	72	72	0	0
src/pencil/dev/rafInstrumentation.ts	28	28	0	0
src/pencil/glyph/HandwrittenGlyph.vue	130	130	50.76	50.76
src/pencil/glyph/glyphAnimations.ts	42	42	33.33	33.33
src/pencil/glyph/glyphPaths.ts	1	1	100	100
src/pencil/glyph/glyphRegistry.ts	24	24	95.83	95.83
src/pencil/grid/HandDrawnGrid/HandDrawnGrid.vue	95	95	1.05	1.05
src/pencil/grid/HandDrawnGrid/usePathAnimation.ts	86	86	0	0
src/pencil/grid/HandDrawnOutline.vue	35	35	51.42	51.42
src/pencil/grid/gridPaths.ts	157	157	79.61	79.61
src/pencil/sheet/AnswerKeyLaminate.vue	65	65	0	0
src/pencil/sheet/SheetWashiLabel.vue	10	10	100	100
src/pencil/types.ts	0	0	100	100
TOTAL	6648	6648	62.72	62.69
# rows: 134  denominator rows that moved: 0
